{
	"class_name" : "PinholeCameraParameters",
	"extrinsic" : 
	[
		1.0,
		-0.0,
		-0.0,
		0.0,
		0.0,
		1.0,
		-0.0,
		0.0,
		0.0,
		-0.0,
		1.0,
		0.0,
		-173.0,
		-130.0,
		203.4534216153292,
		1.0
	],
	"intrinsic" : 
	{
		"height" : 1043,
		"intrinsic_matrix" : 
		[
			679.6320319366888,
			0.0,
			0.0,
			0.0,
			679.6320319366888,
			0.0,
			932.5,
			521.0,
			1.0
		],
		"width" : 1866
	},
	"version_major" : 1,
	"version_minor" : 0
}